建案名稱,最近日期,最早日期,報告次數,警戒次數,行動次數,alert次數,相關廠商,風險因子,原始檔名範例
開揚-大安區金華段日,2026-01-20,2026-01-19,17,26,8,0,,,1130620開揚-大安區金華段日報告.pdf; 1130411開揚-大安區金華段日報告.pdf
台大仁愛醫護大樓(古蹟區及周邊),2026-01-20,2026-01-20,2,6,2,0,,,台大仁愛醫護大樓(古蹟區及周邊)報表1140729.pdf; 台大仁愛醫護大樓(古蹟區及周邊)報表1140827.pdf
台大仁愛醫護大樓,2026-01-20,2026-01-20,60,173,48,25,,,台大仁愛醫護大樓量測報表1131018.pdf; 台大仁愛醫護大樓量測報表1140513.pdf
台大仁愛醫護大樓(古蹟區含周邊),2026-01-20,2026-01-20,1,3,1,0,,,台大仁愛醫護大樓(古蹟區含周邊)報表1140924.pdf
新總陽建設北投區大業段四小段574地號商辦大樓新建工程  NO.170,2026-01-20,2026-01-20,1,1,0,1,,,永森營造-新總陽建設北投區大業段四小段574地號商辦大樓新建工程 1140820 NO.170.pd
新總陽建設北投區大業段四小段574地號商辦大樓新建工程  NO.168,2026-01-20,2026-01-20,1,2,0,0,,,永森營造-新總陽建設北投區大業段四小段574地號商辦大樓新建工程 1140813 NO.168.pd
新總陽建設北投區大業段四小段574地號商辦大樓新建工程  NO.169,2026-01-20,2026-01-20,1,1,0,1,,,永森營造-新總陽建設北投區大業段四小段574地號商辦大樓新建工程 1140818 NO.169.pd
新總陽建設北投區大業段四小段574地號商辦大樓新建工程  NO.171,2026-01-20,2026-01-20,1,1,0,0,,,永森營造-新總陽建設北投區大業段四小段574地號商辦大樓新建工程 1140825 NO.171.pd
新總陽建設北投區大業段四小段574地號商辦大樓新建工程  NO.172,2026-01-20,2026-01-20,1,1,0,0,,,永森營造-新總陽建設北投區大業段四小段574地號商辦大樓新建工程 1140827 NO.172.pd
新總陽建設北投區大業段四小段574地號商辦大樓新建工程  NO.173,2026-01-20,2026-01-20,1,1,0,0,,,永森營造-新總陽建設北投區大業段四小段574地號商辦大樓新建工程 1140901 NO.173.pd
新總陽建設北投區大業段四小段574地號商辦大樓新建工程  NO.167,2026-01-20,2026-01-20,1,1,0,1,,,永森營造-新總陽建設北投區大業段四小段574地號商辦大樓新建工程 1140811 NO.167.pd
新總陽建設北投區大業段四小段574地號商辦大樓新建工程  NO.166,2026-01-20,2026-01-20,1,2,0,0,,,永森營造-新總陽建設北投區大業段四小段574地號商辦大樓新建工程 1140806 NO.166.pd
新總陽建設北投區大業段四小段574地號商辦大樓新建工程  NO.165,2026-01-20,2026-01-20,1,2,0,0,,,永森營造-新總陽建設北投區大業段四小段574地號商辦大樓新建工程 1140804 NO.165.pd
新總陽建設北投區大業段四小段574地號商辦大樓新建工程  NO.164,2026-01-20,2026-01-20,1,3,0,0,,,永森營造-新總陽建設北投區大業段四小段574地號商辦大樓新建工程 1140730 NO.164.pd
新總陽建設北投區大業段四小段574地號商辦大樓新建工程  NO.162,2026-01-20,2026-01-20,1,3,0,0,,,永森營造-新總陽建設北投區大業段四小段574地號商辦大樓新建工程 1140723 NO.162.pd
新總陽建設北投區大業段四小段574地號商辦大樓新建工程  NO.158,2026-01-20,2026-01-20,1,4,0,0,,,永森營造-新總陽建設北投區大業段四小段574地號商辦大樓新建工程 1140709 NO.158.pd
新總陽建設北投區大業段四小段574地號商辦大樓新建工程  NO.154,2026-01-20,2026-01-20,1,3,0,0,,,永森營造-新總陽建設北投區大業段四小段574地號商辦大樓新建工程 1140625 NO.154.pd
新總陽建設北投區大業段四小段574地號商辦大樓新建工程  NO.153,2026-01-20,2026-01-20,1,4,0,0,,,永森營造-新總陽建設北投區大業段四小段574地號商辦大樓新建工程 1140623 NO.153.pd
新總陽建設北投區大業段四小段574地號商辦大樓新建工程  NO.157,2026-01-20,2026-01-20,1,2,0,1,,,永森營造-新總陽建設北投區大業段四小段574地號商辦大樓新建工程 1140707 NO.157.pd
新總陽建設北投區大業段四小段574地號商辦大樓新建工程  NO.156,2026-01-20,2026-01-20,1,3,0,0,,,永森營造-新總陽建設北投區大業段四小段574地號商辦大樓新建工程 1140702 NO.156.pd
新總陽建設北投區大業段四小段574地號商辦大樓新建工程  NO.149,2026-01-20,2026-01-20,1,5,0,0,,,永森營造-新總陽建設北投區大業段四小段574地號商辦大樓新建工程 1140609 NO.149.pd
新總陽建設北投區大業段四小段574地號商辦大樓新建工程  NO.150,2026-01-20,2026-01-20,1,2,0,0,,,永森營造-新總陽建設北投區大業段四小段574地號商辦大樓新建工程 1140611 NO.150.pd
新總陽建設北投區大業段四小段574地號商辦大樓新建工程  NO.151,2026-01-20,2026-01-20,1,3,0,1,,,永森營造-新總陽建設北投區大業段四小段574地號商辦大樓新建工程 1140616 NO.151.pd
新總陽建設北投區大業段四小段574地號商辦大樓新建工程  NO.152,2026-01-20,2026-01-20,1,1,0,0,,,永森營造-新總陽建設北投區大業段四小段574地號商辦大樓新建工程 1140618 NO.152.pd
新總陽建設北投區大業段四小段574地號商辦大樓新建工程  NO.148,2026-01-20,2026-01-20,1,4,0,0,,,永森營造-新總陽建設北投區大業段四小段574地號商辦大樓新建工程 1140604 NO.148.pd
新總陽建設北投區大業段四小段574地號商辦大樓新建工程  NO.147,2026-01-20,2026-01-20,1,4,3,0,,,永森營造-新總陽建設北投區大業段四小段574地號商辦大樓新建工程 1140602 NO.147.pd
新總陽建設北投區大業段四小段574地號商辦大樓新建工程  NO.144,2026-01-20,2026-01-20,1,2,4,0,,,永森營造-新總陽建設北投區大業段四小段574地號商辦大樓新建工程 1140522 NO.144.pd
新總陽建設北投區大業段四小段574地號商辦大樓新建工程  NO.143,2026-01-20,2026-01-20,1,2,0,0,,,永森營造-新總陽建設北投區大業段四小段574地號商辦大樓新建工程 1140519 NO.143.pd
新總陽建設北投區大業段四小段574地號商辦大樓新建工程  NO.142,2026-01-20,2026-01-20,1,4,0,0,,,永森營造-新總陽建設北投區大業段四小段574地號商辦大樓新建工程 1140515 NO.142.pd
新總陽建設北投區大業段四小段574地號商辦大樓新建工程  NO.140,2026-01-20,2026-01-20,1,2,0,0,,,永森營造-新總陽建設北投區大業段四小段574地號商辦大樓新建工程 1140508 NO.140.pd
新總陽建設北投區大業段四小段574地號商辦大樓新建工程  NO.139,2026-01-20,2026-01-20,1,2,0,0,,,永森營造-新總陽建設北投區大業段四小段574地號商辦大樓新建工程 1140505 NO.139.pd
新總陽建設北投區大業段四小段574地號商辦大樓新建工程  NO.126,2026-01-20,2026-01-20,1,2,0,0,,,永森營造-新總陽建設北投區大業段四小段574地號商辦大樓新建工程 1140320 NO.126.pd
新總陽建設北投區大業段四小段574地號商辦大樓新建工程  NO.137,2026-01-20,2026-01-20,1,3,0,0,,,永森營造-新總陽建設北投區大業段四小段574地號商辦大樓新建工程 1140428 NO.137.pd
新總陽建設北投區大業段四小段574地號商辦大樓新建工程  NO.135,2026-01-20,2026-01-20,1,3,0,0,,,永森營造-新總陽建設北投區大業段四小段574地號商辦大樓新建工程 1140421 NO.135.pd
新總陽建設北投區大業段四小段574地號商辦大樓新建工程  NO.134,2026-01-20,2026-01-20,1,2,0,0,,,永森營造-新總陽建設北投區大業段四小段574地號商辦大樓新建工程 1140417 NO.134.pd
新總陽建設北投區大業段四小段574地號商辦大樓新建工程  NO.133,2026-01-20,2026-01-20,1,2,0,0,,,永森營造-新總陽建設北投區大業段四小段574地號商辦大樓新建工程 1140414 NO.133.pd
新總陽建設北投區大業段四小段574地號商辦大樓新建工程  NO.131,2026-01-20,2026-01-20,1,3,0,0,,,永森營造-新總陽建設北投區大業段四小段574地號商辦大樓新建工程 1140407 NO.131.pd
新總陽建設北投區大業段四小段574地號商辦大樓新建工程  NO.132,2026-01-20,2026-01-20,1,3,0,0,,,永森營造-新總陽建設北投區大業段四小段574地號商辦大樓新建工程 1140411 NO.132.pd
新總陽建設北投區大業段四小段574地號商辦大樓新建工程  NO.130,2026-01-20,2026-01-20,1,3,0,0,,,永森營造-新總陽建設北投區大業段四小段574地號商辦大樓新建工程 1140402 NO.130.pd
新總陽建設北投區大業段四小段574地號商辦大樓新建工程  NO.129,2026-01-20,2026-01-20,1,3,0,0,,,永森營造-新總陽建設北投區大業段四小段574地號商辦大樓新建工程 1140331 NO.129.pd
新總陽建設北投區大業段四小段574地號商辦大樓新建工程  NO.128,2026-01-20,2026-01-20,1,2,0,0,,,永森營造-新總陽建設北投區大業段四小段574地號商辦大樓新建工程 1140327 NO.128.pd
新總陽建設北投區大業段四小段574地號商辦大樓新建工程  NO.127,2026-01-20,2026-01-20,1,2,0,0,,,永森營造-新總陽建設北投區大業段四小段574地號商辦大樓新建工程 1140324 NO.127.pd
新總陽建設北投區大業段四小段574地號商辦大樓新建工程  NO.125,2026-01-20,2026-01-20,1,2,0,0,,,永森營造-新總陽建設北投區大業段四小段574地號商辦大樓新建工程 1140317 NO.125.pd
新總陽建設北投區大業段四小段574地號商辦大樓新建工程  NO.124,2026-01-20,2026-01-20,1,3,0,0,,,永森營造-新總陽建設北投區大業段四小段574地號商辦大樓新建工程 1140313 NO.124.pd
新總陽建設北投區大業段四小段574地號商辦大樓新建工程  121 V3,2026-01-20,2026-01-20,1,2,0,0,,,永森營造-新總陽建設北投區大業段四小段574地號商辦大樓新建工程 1140303 121 V3.pd
新總陽建設北投區大業段四小段574地號商辦大樓新建工程 NO.122,2026-01-20,2026-01-20,1,3,0,0,,,永森營造-新總陽建設北投區大業段四小段574地號商辦大樓新建工程 1140306NO.122.pdf
新總陽建設北投區大業段四小段574地號商辦大樓新建工程  120,2026-01-20,2026-01-20,1,1,0,0,,,永森營造-新總陽建設北投區大業段四小段574地號商辦大樓新建工程 1140227 120.pdf
新總陽建設北投區大業段四小段574地號商辦大樓新建工程  119,2026-01-20,2026-01-20,1,2,0,0,,,永森營造-新總陽建設北投區大業段四小段574地號商辦大樓新建工程 1140224 119.pdf
新總陽建設北投區大業段四小段574地號商辦大樓新建工程  118,2026-01-20,2026-01-20,1,2,0,0,,,永森營造-新總陽建設北投區大業段四小段574地號商辦大樓新建工程 1140220 118.pdf
新總陽建設北投區大業段四小段574地號商辦大樓新建工程  115,2026-01-20,2026-01-20,1,1,0,0,,,永森營造-新總陽建設北投區大業段四小段574地號商辦大樓新建工程 1140210 115.pdf
新總陽建設北投區大業段四小段574地號商辦大樓新建工程  114,2026-01-20,2026-01-20,1,2,0,0,,,永森營造-新總陽建設北投區大業段四小段574地號商辦大樓新建工程 1140205 114.pdf
新總陽建設北投區大業段四小段574地號商辦大樓新建工程  112,2026-01-20,2026-01-20,1,2,0,0,,,永森營造-新總陽建設北投區大業段四小段574地號商辦大樓新建工程 1140116 112.pdf
新總陽建設北投區大業段四小段574地號商辦大樓新建工程  111,2026-01-20,2026-01-20,1,1,0,0,,,永森營造-新總陽建設北投區大業段四小段574地號商辦大樓新建工程 1140113 111.pdf
新總陽建設北投區大業段四小段574地號商辦大樓新建工程  110,2026-01-20,2026-01-20,1,1,0,0,,,永森營造-新總陽建設北投區大業段四小段574地號商辦大樓新建工程 1140108 110.pdf
新總陽建設北投區大業段四小段574地號商辦大樓新建工程  109,2026-01-20,2026-01-20,1,1,0,0,,,永森營造-新總陽建設北投區大業段四小段574地號商辦大樓新建工程 1131230 109.pdf
新總陽建設北投區大業段四小段574地號商辦大樓新建工程  108,2026-01-20,2026-01-20,1,1,0,0,,,永森營造-新總陽建設北投區大業段四小段574地號商辦大樓新建工程 1131225 108.pdf
新總陽建設北投區大業段四小段574地號商辦大樓新建工程  107,2026-01-20,2026-01-20,1,1,0,0,,,永森營造-新總陽建設北投區大業段四小段574地號商辦大樓新建工程 1131218 107.pdf
新總陽建設北投區大業段四小段574地號商辦大樓新建工程  104,2026-01-20,2026-01-20,1,1,0,0,,,永森營造-新總陽建設北投區大業段四小段574地號商辦大樓新建工程 1131125 104.pdf
新總陽建設北投區大業段四小段574地號商辦大樓新建工程  103,2026-01-20,2026-01-20,1,2,0,0,,,永森營造-新總陽建設北投區大業段四小段574地號商辦大樓新建工程 1131118 103.pdf
新總陽建設北投區大業段四小段574地號商辦大樓新建工程  102,2026-01-20,2026-01-20,1,3,0,0,,,永森營造-新總陽建設北投區大業段四小段574地號商辦大樓新建工程 1131111 102.pdf
新總陽建設北投區大業段四小段574地號商辦大樓新建工程  101,2026-01-20,2026-01-20,1,3,0,0,,,永森營造-新總陽建設北投區大業段四小段574地號商辦大樓新建工程 1131104 101.pdf
新總陽建設北投區大業段四小段574地號商辦大樓新建工程  105,2026-01-20,2026-01-20,1,1,0,0,,,永森營造-新總陽建設北投區大業段四小段574地號商辦大樓新建工程 1131202 105.pdf
新總陽建設北投區大業段四小段574地號商辦大樓新建工程  100 (1),2026-01-20,2026-01-20,1,4,0,0,,,永森營造-新總陽建設北投區大業段四小段574地號商辦大樓新建工程 1131028 100 (1).p
新總陽建設北投區大業段四小段574地號商辦大樓新建工程  95,2026-01-20,2026-01-20,1,5,0,0,,,永森營造-新總陽建設北投區大業段四小段574地號商辦大樓新建工程 1130923 95.pdf
新總陽建設北投區大業段四小段574地號商辦大樓新建工程  94,2026-01-20,2026-01-20,1,4,0,0,,,永森營造-新總陽建設北投區大業段四小段574地號商辦大樓新建工程 1130916 94.pdf
新總陽建設北投區大業段四小段574地號商辦大樓新建工程  93,2026-01-20,2026-01-20,1,1,0,0,,,永森營造-新總陽建設北投區大業段四小段574地號商辦大樓新建工程 1130909 93.pdf
新總陽建設北投區大業段四小段574地號商辦大樓新建工程  92,2026-01-20,2026-01-20,1,3,0,1,,,永森營造-新總陽建設北投區大業段四小段574地號商辦大樓新建工程 1130902 92.pdf
新總陽建設北投區大業段四小段574地號商辦大樓新建工程  91,2026-01-20,2026-01-20,1,2,0,0,,,永森營造-新總陽建設北投區大業段四小段574地號商辦大樓新建工程 1130826 91.pdf
新總陽建設北投區大業段四小段574地號商辦大樓新建工程  89,2026-01-20,2026-01-20,1,2,0,0,,,永森營造-新總陽建設北投區大業段四小段574地號商辦大樓新建工程 1130812 89.pdf
新總陽建設北投區大業段四小段574地號商辦大樓新建工程  90,2026-01-20,2026-01-20,1,2,0,0,,,永森營造-新總陽建設北投區大業段四小段574地號商辦大樓新建工程 1130819 90.pdf
新總陽建設北投區大業段四小段574地號商辦大樓新建工程  87,2026-01-20,2026-01-20,1,1,0,0,,,永森營造-新總陽建設北投區大業段四小段574地號商辦大樓新建工程 1130729 87.pdf
新總陽建設北投區大業段四小段574地號商辦大樓新建工程  88,2026-01-20,2026-01-20,1,1,0,0,,,永森營造-新總陽建設北投區大業段四小段574地號商辦大樓新建工程 1130808 88.pdf
新總陽建設北投區大業段四小段574地號商辦大樓新建工程,2026-01-20,2026-01-20,74,249,107,72,,,永森營造-新總陽建設北投區大業段四小段574地號商辦大樓新建工程安全觀測報告NO.86.pdf; 永森營造-新總陽建設北投區大業段四小段574地號商辦大樓新建工程安全觀測報告NO.24.pdf
新總陽建設北投區大業段四小段574地號商辦大樓新建工程  NO.185,2026-01-20,2026-01-20,1,2,0,0,,,永森營造-新總陽建設北投區大業段四小段574地號商辦大樓新建工程 1141014 NO.185.pd
新總陽建設北投區大業段四小段574地號商辦大樓新建工程  NO.183,2026-01-20,2026-01-20,1,2,0,0,,,永森營造-新總陽建設北投區大業段四小段574地號商辦大樓新建工程 1141007 NO.183.pd
新總陽建設北投區大業段四小段574地號商辦大樓新建工程  NO.178,2026-01-20,2026-01-20,1,3,0,0,,,永森營造-新總陽建設北投區大業段四小段574地號商辦大樓新建工程 1140918 NO.178.pd
新總陽建設北投區大業段四小段574地號商辦大樓新建工程  NO.177,2026-01-20,2026-01-20,1,2,0,0,,,永森營造-新總陽建設北投區大業段四小段574地號商辦大樓新建工程 1140915 NO.177.pd
新總陽建設北投區大業段四小段574地號商辦大樓新建工程  NO.176,2026-01-20,2026-01-20,1,2,0,1,,,永森營造-新總陽建設北投區大業段四小段574地號商辦大樓新建工程 1140910 NO.176.pd
新總陽建設北投區大業段四小段574地號商辦大樓新建工程  NO.175,2026-01-20,2026-01-20,1,2,0,0,,,永森營造-新總陽建設北投區大業段四小段574地號商辦大樓新建工程 1140908 NO.175.pd
新總陽建設北投區大業段四小段574地號商辦大樓新建工程  NO.174,2026-01-20,2026-01-20,1,1,0,0,,,永森營造-新總陽建設北投區大業段四小段574地號商辦大樓新建工程 1140903 NO.174.pd
新總陽建設北投區大業段四小段574地號商辦大樓新建工程  NO.184 V1,2026-01-20,2026-01-20,1,1,0,1,,,永森營造-新總陽建設北投區大業段四小段574地號商辦大樓新建工程 1141009 NO.184 V1
新總陽建設北投區大業段四小段574地號商辦大樓新建工程  NO.181 V1,2026-01-20,2026-01-20,1,1,0,0,,,永森營造-新總陽建設北投區大業段四小段574地號商辦大樓新建工程 1140930 NO.181 V1
新總陽建設北投區大業段四小段574地號商辦大樓新建工程  NO.180  V1,2026-01-20,2026-01-20,1,1,0,0,,,永森營造-新總陽建設北投區大業段四小段574地號商辦大樓新建工程 1140924 NO.180  V
新總陽建設北投區大業段四小段574地號商辦大樓新建工程  NO.179 V1,2026-01-20,2026-01-20,1,2,0,0,,,永森營造-新總陽建設北投區大業段四小段574地號商辦大樓新建工程 1140922 NO.179 V1
新總陽建設北投區大業段四小段574地號商辦大樓新建工程  NO.182 V1,2026-01-20,2026-01-20,1,1,0,0,,,永森營造-新總陽建設北投區大業段四小段574地號商辦大樓新建工程 1141002 NO.182 V1
璞承-中山築觀,2026-01-19,2026-01-13,7,8,1,0,,,璞承-中山築觀1130619.pdf; 璞承-中山築觀1130417.pdf
國產建材實業B棟商業辦公大樓-量測,2026-01-19,2026-01-19,1,0,1,0,,,國產建材實業B棟商業辦公大樓-112年12月14日量測報告.pdf
北市110建字第0117號_高田誠美知寓遼寧街工地,2026-01-19,2026-01-19,8,14,0,0,,,北市110建字第0117號_高田誠美知寓遼寧街工地監測報告_113年08月29日.pdf; 北市110建字第0117號_高田誠美知寓遼寧街工地監測報告_113年05月28日.pdf
113.11.26-112建字第0027號力寶榮星工地,2026-01-19,2026-01-19,1,6,5,0,,,113.11.26-112建字第0027號力寶榮星工地監測報告.pdf
113.11.18-112建字第0027號力寶榮星工地,2026-01-19,2026-01-19,1,5,4,0,,,113.11.18-112建字第0027號力寶榮星工地監測報告.pdf
113.09.03-112建字第0027號力寶榮星工地,2026-01-19,2026-01-19,1,0,4,0,,,113.09.03-112建字第0027號力寶榮星工地監測報告.pdf
113.08.12-112建字第0027號力寶榮星工地,2026-01-19,2026-01-19,1,0,4,0,,,113.08.12-112建字第0027號力寶榮星工地監測報告.pdf
114.09.25,2026-01-19,2026-01-19,1,1,0,0,,,114.09.25觀測報告.pdf
114.06.23,2026-01-19,2026-01-19,1,0,1,0,,,114.06.23觀測報告.pdf
(嘉鎷)113.12監測月報,2026-01-19,2026-01-19,1,2,7,0,,,(嘉鎷)113.12監測月報.pdf
(嘉鎷)113.11監測月報,2026-01-19,2026-01-19,1,2,7,0,,,(嘉鎷)113.11監測月報.pdf
(嘉鎷)113.10監測月報,2026-01-19,2026-01-19,1,1,6,0,,,(嘉鎷)113.10監測月報.pdf
(嘉鎷)113.09監測月報,2026-01-19,2026-01-19,1,1,3,0,,,(嘉鎷)113.09監測月報.pdf
(嘉鎷)113.08監測月報,2026-01-19,2026-01-19,1,2,1,0,,,(嘉鎷)113.08監測月報.pdf
(嘉鎷)113.07監測月報,2026-01-19,2026-01-19,1,1,0,0,,,(嘉鎷)113.07監測月報.pdf
究平安,2026-01-19,2026-01-08,123,199,91,22,,,安全觀測系統113年11月報告書.pdf; 1141125.pdf
宗盛建設台北市士林區永新段二小段55等12筆地號集合住宅新建工程工地,2026-01-19,2026-01-09,13,6,49,0,,,宗盛建設台北市士林區永新段二小段55等12筆地號集合住宅新建工程工地監測報告_114年12月02.p; 宗盛建設台北市士林區永新段二小段55等12筆地號集合住宅新建工程工地監測報告_114年10月14.p
中華電信濱江資料中心,2026-01-19,2026-01-19,1,0,2,0,,,中華電信濱江資料中心監測報告-(1141105).pdf
富德納骨塔設施新建工程,2026-01-19,2026-01-09,81,161,18,2,,,富德納骨塔設施新建工程20251010.pdf; 富德納骨塔設施新建工程20251125.pdf
福林案,2026-01-14,2026-01-14,9,23,47,0,,,1140312福林案量測報表.pdf; 1140219福林案量測報表.pdf
1225福林案,2026-01-14,2026-01-14,1,3,3,0,,,1225福林案量測報表.pdf
1128福林案,2026-01-14,2026-01-14,1,2,2,0,,,1128福林案量測報表.pdf
1114福林案,2026-01-14,2026-01-14,1,10,2,0,,,1114福林案量測報表.pdf
1107福林案,2026-01-14,2026-01-14,1,3,2,0,,,1107福林案量測報表.pdf
1028福林案,2026-01-14,2026-01-14,1,2,5,0,,,1028福林案量測報表.pdf
1024福林案,2026-01-14,2026-01-14,1,4,0,0,,,1024福林案量測報表.pdf
1017福林案,2026-01-14,2026-01-14,1,6,0,0,,,1017福林案量測報表.pdf
1021福林案,2026-01-14,2026-01-14,1,5,0,0,,,1021福林案量測報表.pdf
1010福林案,2026-01-14,2026-01-14,1,6,0,0,,,1010福林案量測報表.pdf
1005福林案,2026-01-14,2026-01-14,1,6,0,0,,,1005福林案量測報表.pdf
0926福林案,2026-01-14,2026-01-14,1,6,0,2,,,0926福林案量測報表.pdf
0923福林案,2026-01-14,2026-01-14,1,3,0,0,,,0923福林案量測報表.pdf
0919福林案,2026-01-14,2026-01-14,1,3,0,0,,,0919福林案量測報表.pdf
0916福林案,2026-01-14,2026-01-14,1,1,0,0,,,0916福林案量測報表.pdf
0912福林案,2026-01-14,2026-01-14,1,2,1,0,,,0912福林案量測報表.pdf
0905福林案,2026-01-14,2026-01-14,1,3,0,0,,,0905福林案量測報表(1).pdf
0909福林案,2026-01-14,2026-01-14,1,3,1,0,,,0909福林案量測報表.pdf
0902福林案,2026-01-14,2026-01-14,1,1,0,0,,,0902福林案量測報表.pdf
0822福林案,2026-01-14,2026-01-14,1,6,0,0,,,0822福林案量測報表.pdf
0826福林案,2026-01-14,2026-01-14,1,4,0,0,,,0826福林案量測報表.pdf
0805福林案,2026-01-14,2026-01-14,1,8,0,1,,,0805福林案量測報表(1).pdf
0815福林案,2026-01-14,2026-01-14,1,6,0,0,,,0815福林案量測報表.pdf
0727福林案,2026-01-14,2026-01-14,1,0,2,0,,,0727福林案量測報表.pdf
台大590_教職員宿舍新建工程,2026-01-14,2026-01-14,25,19,22,0,,,台大590_教職員宿舍新建工程安全觀測系統報告_112年07月24日_NO.03.pdf; 台大590_教職員宿舍新建工程安全觀測系統報告_112年08月17日_NO.08.pdf
112-0289,2026-01-14,2026-01-14,1,1,1,0,,,112-0289安全觀測報告書-(2025-07-15 00_00).pdf
雙園段()NO.40,2026-01-14,2026-01-14,1,6,9,5,,,雙園段(1130710)NO.40.pdf
雙園段()NO.39,2026-01-14,2026-01-14,1,11,0,0,,,雙園段(1130605)NO.39.pdf
雙園段()NO.38,2026-01-14,2026-01-14,1,7,0,4,,,雙園段(1130508)NO.38.pdf
雙園段()NO.37,2026-01-14,2026-01-14,1,10,0,0,,,雙園段(1130410)NO.37.pdf
雙園段()NO.36,2026-01-14,2026-01-14,1,7,0,3,,,雙園段(1130313)NO.36.pdf
雙園段()NO.35,2026-01-14,2026-01-14,1,9,0,0,,,雙園段(1130219)NO.35.pdf
雙園段()NO.12,2026-01-14,2026-01-14,1,6,0,0,,,雙園段(1120530)NO.12.pdf
雙園段()NO.11,2026-01-14,2026-01-14,1,7,0,0,,,雙園段(1120526)NO.11.pdf
雙園段()NO.10,2026-01-14,2026-01-14,1,5,0,0,,,雙園段(1120523)NO.10.pdf
雙園段()NO.9 (1),2026-01-14,2026-01-14,1,3,0,0,,,雙園段(1120519)NO.9 (1).pdf
雙園段()NO.4,2026-01-14,2026-01-14,1,4,0,1,,,雙園段(1120503)NO.4.pdf
雙園段()NO.3,2026-01-14,2026-01-14,1,3,0,1,,,雙園段(1120428)NO.3.pdf
雙園段()NO.2 (1),2026-01-14,2026-01-14,1,3,0,1,,,雙園段(1120425)NO.2 (1).pdf
雙園段()NO.32,2026-01-14,2026-01-14,1,9,0,0,,,雙園段(1121014)NO.32.pdf
雙園段()NO.34,2026-01-14,2026-01-14,1,5,0,3,,,雙園段(1121024)NO.34.pdf
雙園段()NO.33,2026-01-14,2026-01-14,1,8,0,0,,,雙園段(1121018)NO.33.pdf
雙園段()NO.31,2026-01-14,2026-01-14,1,8,0,0,,,雙園段(1121004)NO.31.pdf
雙園段()NO.30,2026-01-14,2026-01-14,1,7,0,0,,,雙園段(1120926)NO.30.pdf
雙園段()NO.29,2026-01-14,2026-01-14,1,4,0,0,,,雙園段(1120920)NO.29.pdf
雙園段()NO.28,2026-01-14,2026-01-14,1,5,0,2,,,雙園段(1120915)NO.28.pdf
雙園段()NO.26,2026-01-14,2026-01-14,1,5,2,0,,,雙園段(1120830)NO.26.pdf
雙園段()NO.25,2026-01-14,2026-01-14,1,7,0,0,,,雙園段(1120823)NO.25.pdf
雙園段()NO.27,2026-01-14,2026-01-14,1,7,0,0,,,雙園段(1120906)NO.27.pdf
雙園段()NO.24,2026-01-14,2026-01-14,1,0,0,1,,,雙園段(1120816)NO.24.pdf
雙園段()NO.23,2026-01-14,2026-01-14,1,1,0,0,,,雙園段(1120809)NO.23.pdf
雙園段()NO.22,2026-01-14,2026-01-14,1,5,0,2,,,雙園段(1120804)NO.22.pdf
雙園段()NO.21,2026-01-14,2026-01-14,1,5,1,0,,,雙園段(1120728)NO.21.pdf
雙園段()NO.18,2026-01-14,2026-01-14,1,1,0,0,,,雙園段(1120707)NO.18.pdf
雙園段()NO.20,2026-01-14,2026-01-14,1,0,0,1,,,雙園段(1120719)NO.20.pdf
雙園段()NO.19,2026-01-14,2026-01-14,1,3,0,0,,,雙園段(1120714)NO.19.pdf
雙園段()NO.14,2026-01-14,2026-01-14,1,5,0,1,,,雙園段(1120606)NO.14.pdf
雙園段()NO.15,2026-01-14,2026-01-14,1,5,1,0,,,雙園段(1120616)NO.15.pdf
雙園段()NO.16,2026-01-14,2026-01-14,1,6,0,0,,,雙園段(1120622)NO.16.pdf
雙園段()NO.17,2026-01-14,2026-01-14,1,2,0,1,,,雙園段(1120630)NO.17.pdf
雙園段()NO.13,2026-01-14,2026-01-14,1,6,0,0,,,雙園段(1120602)NO.13.pdf
雙園段()NO.8,2026-01-14,2026-01-14,1,3,0,0,,,雙園段(1120516)NO.8.pdf
雙園段()NO.7,2026-01-14,2026-01-14,1,3,0,1,,,雙園段(1120512)NO.7.pdf
雙園段()NO.6,2026-01-14,2026-01-14,1,5,0,0,,,雙園段(1120509)NO.6.pdf
雙園段()NO.5,2026-01-14,2026-01-14,1,1,1,0,,,雙園段(1120505)NO.5.pdf
桓億龍泉工地,2026-01-14,2026-01-13,24,6,22,3,,,桓億龍泉工地監測報告_114年1月報.pdf; 桓億龍泉工地監測報告_20240924.pdf
三合段1212,2026-01-14,2026-01-14,1,0,3,0,,,三合段1212觀測報告.pdf
三合段1219,2026-01-14,2026-01-14,1,4,0,0,,,三合段1219觀測報告.pdf
三合段1226,2026-01-14,2026-01-14,1,0,7,0,,,三合段1226觀測報告.pdf
三合段1205,2026-01-14,2026-01-14,1,1,0,0,,,三合段1205觀測報告.pdf
三合段1128,2026-01-14,2026-01-14,1,1,0,0,,,三合段1128觀測報告.pdf
三合段1121,2026-01-14,2026-01-14,1,1,0,0,,,三合段1121觀測報告.pdf
三合段1103,2026-01-14,2026-01-14,1,0,4,0,,,三合段1103觀測報告.pdf
三合段1031,2026-01-14,2026-01-14,1,0,5,0,,,三合段1031觀測報告.pdf
三合段1027,2026-01-14,2026-01-14,1,0,5,0,,,三合段1027觀測報告.pdf
三合段1017,2026-01-14,2026-01-14,1,0,3,0,,,三合段1017觀測報告.pdf
三合段0818,2026-01-14,2026-01-14,1,1,0,0,,,三合段0818觀測報告.pdf
統創翼 114.11.11,2026-01-14,2026-01-14,1,1,0,0,,,P-1283 中鹿營造-統創翼 114.11.11.pdf
統創翼 114.11.10,2026-01-14,2026-01-14,1,2,0,0,,,P-1283 中鹿營造-統創翼 114.11.10.pdf
統創翼 114.11.09,2026-01-14,2026-01-14,1,1,0,0,,,P-1283 中鹿營造-統創翼 114.11.09.pdf
統創翼 114.11.08,2026-01-14,2026-01-14,1,2,0,0,,,P-1283 中鹿營造-統創翼 114.11.08.pdf
統創翼 114.11.07,2026-01-14,2026-01-14,1,1,0,0,,,P-1283 中鹿營造-統創翼 114.11.07.pdf
統創翼 114.11.06,2026-01-14,2026-01-14,1,1,0,0,,,P-1283 中鹿營造-統創翼 114.11.06.pdf
統創翼 114.11.04,2026-01-14,2026-01-14,1,1,0,0,,,P-1283 中鹿營造-統創翼 114.11.04.pdf
統創翼 114.11.03,2026-01-14,2026-01-14,1,2,0,0,,,P-1283 中鹿營造-統創翼 114.11.03.pdf
統創翼 114.11.02,2026-01-14,2026-01-14,1,2,0,0,,,P-1283 中鹿營造-統創翼 114.11.02.pdf
統創翼 114.11.01,2026-01-14,2026-01-14,1,1,0,0,,,P-1283 中鹿營造-統創翼 114.11.01.pdf
統創翼 114.10.31,2026-01-14,2026-01-14,1,1,0,0,,,P-1283 中鹿營造-統創翼 114.10.31.pdf
統創翼 114.10.30,2026-01-14,2026-01-14,1,3,0,0,,,P-1283 中鹿營造-統創翼 114.10.30.pdf
統創翼 114.10.29,2026-01-14,2026-01-14,1,1,0,0,,,P-1283 中鹿營造-統創翼 114.10.29.pdf
統創翼 114.10.28,2026-01-14,2026-01-14,1,1,0,0,,,P-1283 中鹿營造-統創翼 114.10.28.pdf
統創翼 114.10.21,2026-01-14,2026-01-14,1,1,0,0,,,P-1283 中鹿營造-統創翼 114.10.21.pdf
統創翼 114.10.22,2026-01-14,2026-01-14,1,1,0,0,,,P-1283 中鹿營造-統創翼 114.10.22.pdf
統創翼 114.10.23,2026-01-14,2026-01-14,1,1,0,0,,,P-1283 中鹿營造-統創翼 114.10.23.pdf
統創翼 114.10.25,2026-01-14,2026-01-14,1,1,0,0,,,P-1283 中鹿營造-統創翼 114.10.25.pdf
統創翼 114.10.24,2026-01-14,2026-01-14,1,1,0,0,,,P-1283 中鹿營造-統創翼 114.10.24.pdf
統創翼 114.10.27,2026-01-14,2026-01-14,1,2,0,0,,,P-1283 中鹿營造-統創翼 114.10.27.pdf
統創翼 114.10.26,2026-01-14,2026-01-14,1,3,0,0,,,P-1283 中鹿營造-統創翼 114.10.26.pdf
(C棟)泛亞-松山空勤工程監測月報,2026-01-14,2026-01-14,12,23,88,0,,,202409(C棟)泛亞-松山空勤工程監測月報.pdf; 202502(C棟)泛亞-松山空勤工程監測月報.pdf
test_upload,2026-01-14,2026-01-14,1,0,1,0,,,test_upload.pdf
(C棟)泛亞-松山空勤工程監測月報-1,2026-01-14,2026-01-14,1,1,0,0,,,202507(C棟)泛亞-松山空勤工程監測月報-1.pdf
(C棟)泛亞-松山空勤工程監測月報(已修正),2026-01-14,2026-01-14,4,8,24,0,,,202408(C棟)泛亞-松山空勤工程監測月報(已修正).pdf; 202504(C棟)泛亞-松山空勤工程監測月報(已修正).pdf
(C棟)泛亞-松山空勤工程監測月報(已修正)-1,2026-01-14,2026-01-14,1,1,0,0,,,202412(C棟)泛亞-松山空勤工程監測月報(已修正)-1.pdf
泛亞-松山空勤工程(C區),2026-01-14,2026-01-14,1,1,0,0,,,泛亞-松山空勤工程(C區)安全監測日報20250529.pdf
金朋敦北,2026-01-14,2026-01-14,1,1,0,0,,,金朋敦北1141015觀測報告.pdf
金藏奧斯卡,2026-01-14,2026-01-14,1,1,0,2,,,金藏奧斯卡觀測報告1023.pdf
鴻輝建設-崇仰段一小段131地號等住宅新建工程  34,2026-01-14,2026-01-14,1,0,1,0,,,鴻輝建設-崇仰段一小段131地號等住宅新建工程 1130104 34.pdf
鴻輝建設-崇仰段一小段131地號等住宅新建工程  24,2026-01-14,2026-01-14,1,0,1,0,,,鴻輝建設-崇仰段一小段131地號等住宅新建工程 1121025 24.pdf
鴻輝建設-崇仰段一小段131地號等住宅新建工程  27,2026-01-14,2026-01-14,1,0,2,0,,,鴻輝建設-崇仰段一小段131地號等住宅新建工程 1121115 27.pdf
民權東路()NO.48-簽證版,2026-01-14,2026-01-14,1,0,1,0,,,民權東路(1141106)NO.48-簽證版.pdf
民權東路()NO.43-簽證版,2026-01-14,2026-01-14,1,0,1,0,,,民權東路(1141020)NO.43-簽證版.pdf
助群營造台北市北投區石牌市場新建工程11304月,2026-01-14,2026-01-14,1,1,0,0,,,助群營造台北市北投區石牌市場新建工程11304月監測報告.pdf
助群營造台北市北投區石牌市場新建工程11302月,2026-01-14,2026-01-14,1,1,0,0,,,助群營造台北市北投區石牌市場新建工程11302月監測報告.pdf
台大447_教職員宿舍新建工程,2026-01-14,2026-01-14,3,3,0,0,,,台大447_教職員宿舍新建工程安全觀測系統報告_114年07月17日_NO.38.pdf; 台大447_教職員宿舍新建工程安全觀測系統報告_114年09月03日_NO.40.pdf
雲端資料庫設置之範例,2026-01-14,2026-01-13,3,3,3,0,,,雲端資料庫設置之範例.pdf
安全鑑測,2026-01-14,2026-01-14,1,2,0,0,,,安全鑑測報告1120823.pdf
觀測紀錄,2026-01-14,2026-01-14,1,0,3,0,,,1141105觀測紀錄.pdf
第一果菜市場,2026-01-14,2026-01-13,363,292,762,48,,,第一果菜市場-1120808.pdf; 第一果菜市場-1131105.pdf
test_api_check,2026-01-14,2026-01-14,1,1,0,0,,,test_api_check.pdf
全球人壽新總部大樓1114,2026-01-14,2026-01-14,1,1,1,0,,,全球人壽新總部大樓1114觀測報告.pdf
全球人壽新總部大樓1003,2026-01-14,2026-01-14,1,1,0,0,,,全球人壽新總部大樓1003觀測報告.pdf
全球人壽新總部大樓0715,2026-01-14,2026-01-14,1,0,6,0,,,全球人壽新總部大樓0715觀測報告.pdf
全球人壽新總部大樓0711,2026-01-14,2026-01-14,1,0,5,0,,,全球人壽新總部大樓0711觀測報告.pdf
全球人壽新總部大樓0708,2026-01-14,2026-01-14,1,4,0,0,,,全球人壽新總部大樓0708觀測報告.pdf
全球人壽新總部大樓0520,2026-01-14,2026-01-14,2,2,0,0,,,全球人壽新總部大樓0520觀測報告.pdf
全球人壽新總部大樓0506,2026-01-14,2026-01-14,2,5,0,0,,,全球人壽新總部大樓0506觀測報告.pdf
全球人壽新總部大樓0516,2026-01-14,2026-01-14,2,6,0,0,,,全球人壽新總部大樓0516觀測報告.pdf
全球人壽新總部大樓0513,2026-01-14,2026-01-14,2,5,0,0,,,全球人壽新總部大樓0513觀測報告.pdf
全球人壽新總部大樓0509,2026-01-14,2026-01-14,2,5,0,0,,,全球人壽新總部大樓0509觀測報告.pdf
全球人壽新總部大樓0502,2026-01-14,2026-01-14,2,7,0,0,,,全球人壽新總部大樓0502觀測報告.pdf
全球人壽新總部大樓0429,2026-01-14,2026-01-14,2,4,0,0,,,全球人壽新總部大樓0429觀測報告.pdf
全球人壽新總部大樓0425,2026-01-14,2026-01-14,2,5,0,0,,,全球人壽新總部大樓0425觀測報告.pdf
全球人壽新總部大樓0422,2026-01-14,2026-01-14,2,4,0,0,,,全球人壽新總部大樓0422觀測報告.pdf
全球人壽新總部大樓0418,2026-01-14,2026-01-14,2,2,0,0,,,全球人壽新總部大樓0418觀測報告.pdf
全球人壽新總部大樓0415,2026-01-14,2026-01-14,2,4,0,0,,,全球人壽新總部大樓0415觀測報告.pdf
全球人壽新總部大樓0408,2026-01-14,2026-01-14,2,4,0,0,,,全球人壽新總部大樓0408觀測報告.pdf
全球人壽新總部大樓0411,2026-01-14,2026-01-14,2,3,0,0,,,全球人壽新總部大樓0411觀測報告.pdf
全球人壽新總部大樓0325,2026-01-14,2026-01-14,2,3,0,0,,,全球人壽新總部大樓0325觀測報告.pdf
全球人壽新總部大樓0321,2026-01-14,2026-01-14,2,4,0,0,,,全球人壽新總部大樓0321觀測報告.pdf
全球人壽新總部大樓0318,2026-01-14,2026-01-14,2,2,0,0,,,全球人壽新總部大樓0318觀測報告.pdf
全球人壽新總部大樓0311,2026-01-14,2026-01-14,2,2,0,0,,,全球人壽新總部大樓0311觀測報告.pdf
全球人壽新總部大樓0304,2026-01-14,2026-01-14,2,2,0,0,,,全球人壽新總部大樓0304觀測報告.pdf
全球人壽新總部大樓0307,2026-01-14,2026-01-14,2,2,0,0,,,全球人壽新總部大樓0307觀測報告.pdf
全球人壽新總部大樓0227,2026-01-14,2026-01-14,2,2,0,0,,,全球人壽新總部大樓0227觀測報告.pdf
全球人壽新總部大樓0225,2026-01-14,2026-01-14,2,3,0,0,,,全球人壽新總部大樓0225觀測報告.pdf
全球人壽新總部大樓0221,2026-01-14,2026-01-14,2,3,0,0,,,全球人壽新總部大樓0221觀測報告.pdf
全球人壽新總部大樓0207,2026-01-14,2026-01-14,1,0,2,0,,,全球人壽新總部大樓0207觀測報告.pdf
全球人壽新總部大樓1028,2026-01-14,2026-01-14,1,1,0,0,,,全球人壽新總部大樓1028觀測報告.pdf
全球人壽新總部大樓0214,2026-01-14,2026-01-14,1,0,5,0,,,全球人壽新總部大樓0214觀測報告.pdf
全球人壽新總部大樓0211,2026-01-14,2026-01-14,1,1,1,0,,,全球人壽新總部大樓0211觀測報告.pdf
全球人壽新總部大樓0910,2026-01-14,2026-01-14,1,8,0,0,,,全球人壽新總部大樓0910觀測報告.pdf
114.08.18,2026-01-14,2026-01-14,1,0,1,0,,,114.08.18.pdf
114.08.15,2026-01-14,2026-01-14,1,0,1,0,,,114.08.15.pdf
114.08.11,2026-01-14,2026-01-14,1,0,1,0,,,114.08.11.pdf
114.08.07,2026-01-14,2026-01-14,1,0,1,0,,,114.08.07.pdf
114.08.04,2026-01-14,2026-01-14,1,0,1,0,,,114.08.04.pdf
114.07.31,2026-01-14,2026-01-14,1,0,1,0,,,114.07.31.pdf
114.07.29,2026-01-14,2026-01-14,1,0,1,0,,,114.07.29.pdf
114.07.24,2026-01-14,2026-01-14,1,0,1,0,,,114.07.24.pdf
114.07.21,2026-01-14,2026-01-14,1,0,1,0,,,114.07.21.pdf
114.07.17,2026-01-14,2026-01-14,1,0,1,0,,,114.07.17.pdf
114.07.14,2026-01-14,2026-01-14,1,0,1,0,,,114.07.14.pdf
114.07.10,2026-01-14,2026-01-14,1,0,1,0,,,114.07.10.pdf
114.07.07,2026-01-14,2026-01-14,1,0,1,0,,,114.07.07.pdf
114.07.03,2026-01-14,2026-01-14,1,0,1,0,,,114.07.03.pdf
114.06.30,2026-01-14,2026-01-14,1,0,1,0,,,114.06.30.pdf
114.06.24,2026-01-14,2026-01-14,1,0,1,0,,,114.06.24.pdf
114.06.27,2026-01-14,2026-01-14,1,0,1,0,,,114.06.27.pdf
114.06.20,2026-01-14,2026-01-14,1,0,1,0,,,114.06.20.pdf
114.06.17,2026-01-14,2026-01-14,1,0,1,0,,,114.06.17.pdf
114.06.13,2026-01-14,2026-01-14,1,0,1,0,,,114.06.13.pdf
114.06.10,2026-01-14,2026-01-14,1,0,1,0,,,114.06.10.pdf
第一果菜市場(匝道),2026-01-14,2026-01-13,83,124,36,2,,,第一果菜市場(匝道)-1130503.pdf; 第一果菜市場(匝道)-1130913.pdf
芝山新建工程,2026-01-14,2026-01-09,69,74,7,0,,,P-1228 恆合營造-芝山新建工程監測報告_114年8月11日.pdf; P-1228 恆合營造-芝山新建工程監測報告_113年12月23日.pdf
利晉緯成,2026-01-14,2026-01-14,24,21,18,2,,,利晉緯成-安全監測系統量測日報表2024-12-15.pdf; 利晉緯成-安全監測系統量測日報表2024-08-29.pdf
職能發展學院工地,2026-01-14,2026-01-14,160,161,185,26,,,職能發展學院工地監測報告-A棟_112年12月04日.pdf; 職能發展學院工地監測報告-BC棟_113年08月09日.pdf
114.12.01台北市大同區橋北段三小段581地號等十筆土地新建工程安全,2026-01-14,2026-01-14,1,1,0,0,,,114.12.01台北市大同區橋北段三小段581地號等十筆土地新建工程安全安全監測報告1201.pd
114.11.18台北市大同區橋北段三小段581地號等十筆土地新建工程安全,2026-01-14,2026-01-14,1,1,0,0,,,114.11.18台北市大同區橋北段三小段581地號等十筆土地新建工程安全安全監測報告1118.pd
114.11.24台北市大同區橋北段三小段581地號等十筆土地新建工程安全,2026-01-14,2026-01-14,1,1,0,0,,,114.11.24台北市大同區橋北段三小段581地號等十筆土地新建工程安全安全監測報告1124.pd
114.11.10台北市大同區橋北段三小段581地號等十筆土地新建工程安全,2026-01-14,2026-01-14,1,1,0,0,,,114.11.10台北市大同區橋北段三小段581地號等十筆土地新建工程安全安全監測報告1110.pd
114.10.27台北市大同區橋北段三小段581地號等十筆土地新建工程安全,2026-01-14,2026-01-14,1,1,0,0,,,114.10.27台北市大同區橋北段三小段581地號等十筆土地新建工程安全安全監測報告1027.pd
114.8月份台北市大同區橋北段三小段581地號等十筆土地新建工程八月,2026-01-14,2026-01-14,1,4,0,0,,,114.8月份台北市大同區橋北段三小段581地號等十筆土地新建工程八月安全監測月報.pdf
114.08.19台北市大同區橋北段三小段581地號等十筆土地新建工程安全,2026-01-14,2026-01-14,1,2,0,0,,,114.08.19台北市大同區橋北段三小段581地號等十筆土地新建工程安全安全監測報告(819).p
114.08.08台北市大同區橋北段三小段581地號等十筆土地新建工程安全,2026-01-14,2026-01-14,1,1,0,0,,,114.08.08台北市大同區橋北段三小段581地號等十筆土地新建工程安全安全監測報告(808).p
114.08.05台北市大同區橋北段三小段581地號等十筆土地新建工程安全,2026-01-14,2026-01-14,1,2,1,0,,,114.08.05台北市大同區橋北段三小段581地號等十筆土地新建工程安全安全監測報告(805).p
114.07.31台北市大同區橋北段三小段581地號等十筆土地新建工程安全,2026-01-14,2026-01-14,1,1,0,0,,,114.07.31台北市大同區橋北段三小段581地號等十筆土地新建工程安全安全監測報告(731).p
114.07.17台北市大同區橋北段三小段581地號等十筆土地新建工程安全,2026-01-14,2026-01-14,1,3,0,0,,,114.07.17台北市大同區橋北段三小段581地號等十筆土地新建工程安全安全監測報告(717).p
114.6月份台北市大同區橋北段三小段581地號等十筆土地新建工程六月,2026-01-14,2026-01-14,1,2,0,0,,,114.6月份台北市大同區橋北段三小段581地號等十筆土地新建工程六月安全監測月報.pdf
114.06.16台北市大同區橋北段三小段581地號等十筆土地新建工程安全,2026-01-14,2026-01-14,1,0,2,0,,,114.06.16台北市大同區橋北段三小段581地號等十筆土地新建工程安全安全監測報告(616).p
114.12.08台北市大同區橋北段三小段581地號等十筆土地新建工程安全,2026-01-14,2026-01-14,1,1,0,0,,,114.12.08台北市大同區橋北段三小段581地號等十筆土地新建工程安全安全監測報告1208.pd
114.12.15台北市大同區橋北段三小段581地號等十筆土地新建工程安全,2026-01-14,2026-01-14,1,1,0,0,,,114.12.15台北市大同區橋北段三小段581地號等十筆土地新建工程安全安全監測報告1215.pd
天母段三小段39、40等二筆地號新建工程工地,2026-01-14,2026-01-14,17,20,9,0,,,1140625天母段三小段39、40等二筆地號新建工程工地監測報告_114年06月25日.pdf; 1140317天母段三小段39、40等二筆地號新建工程工地監測報告_114年03月17日.pdf
八德采邑大樓1128,2026-01-14,2026-01-14,1,1,0,0,,,八德采邑大樓1128觀測報告.pdf
八德采邑大樓1114,2026-01-14,2026-01-14,1,3,0,0,,,八德采邑大樓1114觀測報告.pdf
八德采邑大樓1110,2026-01-14,2026-01-14,1,3,0,0,,,八德采邑大樓1110觀測報告.pdf
八德采邑大樓1107,2026-01-14,2026-01-14,1,4,0,0,,,八德采邑大樓1107觀測報告.pdf
八德采邑大樓1031,2026-01-14,2026-01-14,1,3,0,0,,,八德采邑大樓1031觀測報告.pdf
八德采邑大樓0418,2026-01-14,2026-01-14,1,1,0,0,,,八德采邑大樓0418觀測報告.pdf
達永開發-達永豐盛學新建工程  135,2026-01-14,2026-01-14,1,4,0,0,,,達永開發-達永豐盛學新建工程 1130321 135.pdf
達永開發-達永豐盛學新建工程  129,2026-01-14,2026-01-14,1,0,1,0,,,達永開發-達永豐盛學新建工程 1130229 129.pdf
達永開發-達永豐盛學新建工程  124,2026-01-14,2026-01-14,1,1,3,0,,,達永開發-達永豐盛學新建工程 1130205 124.pdf
達永開發-達永豐盛學新建工程  123,2026-01-14,2026-01-14,1,0,1,0,,,達永開發-達永豐盛學新建工程 1130201 123.pdf
達永開發-達永豐盛學新建工程  121,2026-01-14,2026-01-14,1,3,0,0,,,達永開發-達永豐盛學新建工程 1130125 121.pdf
達永開發-達永豐盛學新建工程  115,2026-01-14,2026-01-14,1,0,3,0,,,達永開發-達永豐盛學新建工程 1130104 115.pdf
達永開發-達永豐盛學新建工程  113,2026-01-14,2026-01-14,1,1,1,0,,,達永開發-達永豐盛學新建工程 1121228 113.pdf
達永開發-達永豐盛學新建工程  109,2026-01-14,2026-01-14,1,1,1,0,,,達永開發-達永豐盛學新建工程 1121214 109.pdf
達永開發-達永豐盛學新建工程  101,2026-01-14,2026-01-14,1,0,0,3,,,達永開發-達永豐盛學新建工程 1121116 101.pdf
達永開發-達永豐盛學新建工程  99,2026-01-14,2026-01-14,1,0,1,0,,,達永開發-達永豐盛學新建工程 1121109 99.pdf
金藏家居1010,2026-01-14,2026-01-14,1,1,0,0,,,金藏家居1010觀測報告.pdf
金藏家居0926,2026-01-14,2026-01-14,1,1,0,0,,,金藏家居0926觀測報告.pdf
金藏家居0919,2026-01-14,2026-01-14,1,1,0,0,,,金藏家居0919觀測報告.pdf
金藏家居0904,2026-01-14,2026-01-14,1,2,0,0,,,金藏家居0904觀測報告.pdf
金藏家居0829,2026-01-14,2026-01-14,1,3,0,0,,,金藏家居0829觀測報告.pdf
金藏家居0822,2026-01-14,2026-01-14,1,7,0,0,,,金藏家居0822觀測報告.pdf
金藏家居0815,2026-01-14,2026-01-14,1,4,0,0,,,金藏家居0815觀測報告.pdf
金藏家居0808,2026-01-14,2026-01-14,1,3,0,0,,,金藏家居0808觀測報告.pdf
金藏家居0801,2026-01-14,2026-01-14,1,1,0,0,,,金藏家居0801觀測報告.pdf
金藏家居0725,2026-01-14,2026-01-14,1,1,0,0,,,金藏家居0725觀測報告.pdf
金藏家居0718,2026-01-14,2026-01-14,1,1,0,0,,,金藏家居0718觀測報告.pdf
金藏家居0711,2026-01-14,2026-01-14,1,1,0,0,,,金藏家居0711觀測報告.pdf
金藏家居0627,2026-01-14,2026-01-14,1,1,0,0,,,金藏家居0627觀測報告.pdf
金藏家居0704,2026-01-14,2026-01-14,1,1,0,0,,,金藏家居0704觀測報告.pdf
金藏家居0620,2026-01-14,2026-01-14,1,2,0,0,,,金藏家居0620觀測報告.pdf
金藏家居0613,2026-01-14,2026-01-14,1,1,0,0,,,金藏家居0613觀測報告.pdf
金藏家居0530,2026-01-14,2026-01-14,1,2,0,0,,,金藏家居0530觀測報告.pdf
金藏家居0606,2026-01-14,2026-01-14,1,1,0,0,,,金藏家居0606觀測報告.pdf
金藏家居0519,2026-01-14,2026-01-14,1,1,0,0,,,金藏家居0519觀測報告.pdf
金藏家居0523,2026-01-14,2026-01-14,1,1,0,0,,,金藏家居0523觀測報告.pdf
金藏家居0516,2026-01-14,2026-01-14,1,1,0,0,,,金藏家居0516觀測報告.pdf
金藏家居0509,2026-01-14,2026-01-14,1,1,0,0,,,金藏家居0509觀測報告.pdf
金藏家居0505,2026-01-14,2026-01-14,1,2,0,0,,,金藏家居0505觀測報告.pdf
金藏家居0425,2026-01-14,2026-01-14,1,1,0,0,,,金藏家居0425觀測報告.pdf
金藏家居0421,2026-01-14,2026-01-14,1,1,0,0,,,金藏家居0421觀測報告.pdf
金藏家居0410,2026-01-14,2026-01-14,1,0,1,0,,,金藏家居0410觀測報告.pdf
金藏家居0407,2026-01-14,2026-01-14,1,4,1,0,,,金藏家居0407觀測報告.pdf
金藏家居0404,2026-01-14,2026-01-14,1,4,1,0,,,金藏家居0404觀測報告.pdf
金藏家居0328,2026-01-14,2026-01-14,1,0,1,0,,,金藏家居0328觀測報告.pdf
金藏家居0323,2026-01-14,2026-01-14,1,0,1,0,,,金藏家居0323觀測報告.pdf
金藏家居0314,2026-01-14,2026-01-14,1,0,1,0,,,金藏家居0314觀測報告.pdf
第一果菜市場-V1,2026-01-13,2026-01-13,1,2,0,0,,,第一果菜市場-1111212V1.pdf
東匯工地,2026-01-13,2026-01-13,6,4,2,0,,,東匯工地監測報告_112.04.28.pdf; 東匯工地監測報告_112.05.05.pdf
北市110建字第0222號_113.04.19-日安吉林工地監測總結,2026-01-13,2026-01-13,1,2,0,0,,,北市110建字第0222號_113.04.19-日安吉林工地監測總結報告.pdf
北市110建字第0222號_112.01.19-日安吉林工地,2026-01-13,2026-01-13,1,1,0,0,,,北市110建字第0222號_112.01.19-日安吉林工地監測報告_113年01月19日.pdf
北市110建字第0222號_112.01.12-日安吉林工地,2026-01-13,2026-01-13,1,1,0,0,,,北市110建字第0222號_112.01.12-日安吉林工地監測報告_113年01月12日.pdf
北市110建字第0222號_112.11.22-日安吉林工地,2026-01-13,2026-01-13,1,0,3,0,,,北市110建字第0222號_112.11.22-日安吉林工地監測報告_112年11月22日.pdf
北市110建字第0222號_112.11.17-日安吉林工地,2026-01-13,2026-01-13,1,1,0,0,,,北市110建字第0222號_112.11.17-日安吉林工地監測報告_112年11月17日.pdf
北市110建字第0222號_112.11.09-日安吉林工地,2026-01-13,2026-01-13,1,1,2,0,,,北市110建字第0222號_112.11.09-日安吉林工地監測報告_112年11月09日.pdf
北市110建字第0222號_112.10.26-日安吉林,2026-01-13,2026-01-13,1,0,2,0,,,北市110建字第0222號_112.10.26-日安吉林.pdf
北市110建字第0222號_112.11.02-日安吉林,2026-01-13,2026-01-13,1,2,0,0,,,北市110建字第0222號_112.11.02-日安吉林.pdf
北市110建字第0222號_112.10.19-日安吉林,2026-01-13,2026-01-13,1,1,3,0,,,北市110建字第0222號_112.10.19-日安吉林.pdf
北市110建字第0222號_112.10.11-日安吉林,2026-01-13,2026-01-13,1,1,2,0,,,北市110建字第0222號_112.10.11-日安吉林.pdf
北市110建字第0222號_112.10.02-日安吉林,2026-01-13,2026-01-13,1,2,1,0,,,北市110建字第0222號_112.10.02-日安吉林.pdf
北市110建字第0222號_112.09.26-日安吉林,2026-01-13,2026-01-13,1,2,1,0,,,北市110建字第0222號_112.09.26-日安吉林.pdf
北市110建字第0222號_112.09.12日安吉林,2026-01-13,2026-01-13,1,1,1,0,,,北市110建字第0222號_112.09.12日安吉林.pdf
北市110建字第0222號_112.09.20-日安吉林,2026-01-13,2026-01-13,1,1,1,0,,,北市110建字第0222號_112.09.20-日安吉林.pdf
北市110建字第0222號_112.09.04-日安吉林,2026-01-13,2026-01-13,1,0,2,0,,,北市110建字第0222號_112.09.04-日安吉林.pdf
北市110建字第0222號_112.08.21-日安吉林,2026-01-13,2026-01-13,1,1,1,0,,,北市110建字第0222號_112.08.21-日安吉林.pdf
北市110建字第0222號_112.08.08-日安吉林,2026-01-13,2026-01-13,1,0,1,0,,,北市110建字第0222號_112.08.08-日安吉林.pdf
北市110建字第0222號_112.08.14-日安吉林,2026-01-13,2026-01-13,1,1,1,0,,,北市110建字第0222號_112.08.14-日安吉林.pdf
北市110建字第0222號_112.07.25-日安吉林,2026-01-13,2026-01-13,1,0,1,0,,,北市110建字第0222號_112.07.25-日安吉林.pdf
北市110建字第0222號_112.08.01-日安吉林,2026-01-13,2026-01-13,1,1,1,0,,,北市110建字第0222號_112.08.01-日安吉林.pdf
北市110建字第0222號_112.07.18-日安吉林,2026-01-13,2026-01-13,1,1,0,0,,,北市110建字第0222號_112.07.18-日安吉林.pdf
北市110建字第0222號_112.07.11-日安吉林,2026-01-13,2026-01-13,1,4,0,0,,,北市110建字第0222號_112.07.11-日安吉林.pdf
北市110建字第0222號_112.07.04-日安吉林,2026-01-13,2026-01-13,1,2,0,0,,,北市110建字第0222號_112.07.04-日安吉林.pdf
北市110建字第0222號_112.06.27-日安吉林,2026-01-13,2026-01-13,1,2,0,0,,,北市110建字第0222號_112.06.27-日安吉林.pdf
北市110建字第0222號_112.06.19-日安吉林,2026-01-13,2026-01-13,1,3,0,0,,,北市110建字第0222號_112.06.19-日安吉林.pdf
北市110建字第0222號_112.06.16-日安吉林,2026-01-13,2026-01-13,1,3,0,0,,,北市110建字第0222號_112.06.16-日安吉林.pdf
北市110建字第0222號_112.06.09-日安吉林,2026-01-13,2026-01-13,1,2,0,0,,,北市110建字第0222號_112.06.09-日安吉林.pdf
北市110建字第0222號_112.05.25-日安吉林,2026-01-13,2026-01-13,1,1,0,0,,,北市110建字第0222號_112.05.25-日安吉林.pdf
和風悅工地,2026-01-13,2026-01-13,4,4,0,0,,,和風悅工地監測報告NO.11 _113年1月2日.pdf; 和風悅工地監測報告NO.16 _113年2月5日.pdf
城心曜曜,2026-01-13,2026-01-13,61,148,70,0,,,城心曜曜量測報表1120315.pdf; 城心曜曜量測報表1120628.pdf
城心曜曜量測,2026-01-13,2026-01-13,1,0,5,0,,,城心曜曜量測報告1110919.pdf
第三次土方開挖,2026-01-13,2026-01-13,2,2,0,0,,,1140221-第三次土方開挖.pdf; 1140214-第三次土方開挖.pdf
士林區蘭雅段新建工程日,2026-01-13,2026-01-13,1,1,0,0,,,P-1228 恆合營造-士林區蘭雅段新建工程日報表114年11月3日.pdf
時詣建設城中段三小段,2026-01-13,2026-01-13,2,0,2,0,,,時詣建設城中段三小段1130312觀測報告.pdf; 時詣建設城中段三小段1130409觀測報告.pdf
112建字第0055號新建工程114.3.11,2026-01-13,2026-01-13,1,1,0,0,,,112建字第0055號新建工程114.3.11.pdf
112建字第0055號新建工程114.3.20,2026-01-13,2026-01-13,1,1,0,0,,,112建字第0055號新建工程114.3.20.pdf
112建字第0055號新建工程114.2.21,2026-01-13,2026-01-13,1,1,2,0,,,112建字第0055號新建工程114.2.21.pdf
112建字第0055號新建工程114.2.26,2026-01-13,2026-01-13,1,0,2,0,,,112建字第0055號新建工程114.2.26.pdf
112建字第0055號新建工程114.2.11,2026-01-13,2026-01-13,1,1,0,0,,,112建字第0055號新建工程114.2.11.pdf
統創翼 114.11.28,2026-01-13,2026-01-13,1,1,0,0,,,P-1283 中鹿營造-統創翼 114.11.28.pdf
統創翼 114.11.29,2026-01-13,2026-01-13,1,1,0,0,,,P-1283 中鹿營造-統創翼 114.11.29.pdf
統創翼 114.11.30,2026-01-13,2026-01-13,1,1,0,0,,,P-1283 中鹿營造-統創翼 114.11.30.pdf
統創翼 114.12.01,2026-01-13,2026-01-13,1,2,0,0,,,P-1283 中鹿營造-統創翼 114.12.01.pdf
統創翼 114.12.02,2026-01-13,2026-01-13,1,1,0,0,,,P-1283 中鹿營造-統創翼 114.12.02.pdf
統創翼 114.11.20,2026-01-13,2026-01-13,1,1,0,0,,,P-1283 中鹿營造-統創翼 114.11.20.pdf
統創翼 114.11.21,2026-01-13,2026-01-13,1,1,0,0,,,P-1283 中鹿營造-統創翼 114.11.21.pdf
統創翼 114.11.22,2026-01-13,2026-01-13,1,1,0,0,,,P-1283 中鹿營造-統創翼 114.11.22.pdf
統創翼 114.11.23,2026-01-13,2026-01-13,1,1,0,0,,,P-1283 中鹿營造-統創翼 114.11.23.pdf
統創翼 114.11.24,2026-01-13,2026-01-13,1,2,0,0,,,P-1283 中鹿營造-統創翼 114.11.24.pdf
統創翼 114.11.25,2026-01-13,2026-01-13,1,1,0,0,,,P-1283 中鹿營造-統創翼 114.11.25.pdf
統創翼 114.11.26,2026-01-13,2026-01-13,1,1,0,0,,,P-1283 中鹿營造-統創翼 114.11.26.pdf
統創翼 114.11.27,2026-01-13,2026-01-13,1,1,0,0,,,P-1283 中鹿營造-統創翼 114.11.27.pdf
統創翼 114.11.14,2026-01-13,2026-01-13,1,1,0,0,,,P-1283 中鹿營造-統創翼 114.11.14.pdf
統創翼 114.11.13,2026-01-13,2026-01-13,1,2,0,0,,,P-1283 中鹿營造-統創翼 114.11.13.pdf
統創翼 114.11.15,2026-01-13,2026-01-13,1,1,0,0,,,P-1283 中鹿營造-統創翼 114.11.15.pdf
統創翼 114.11.12,2026-01-13,2026-01-13,1,1,0,0,,,P-1283 中鹿營造-統創翼 114.11.12.pdf
統創翼 114.11.16,2026-01-13,2026-01-13,1,1,0,0,,,P-1283 中鹿營造-統創翼 114.11.16.pdf
統創翼 114.11.18,2026-01-13,2026-01-13,1,2,0,0,,,P-1283 中鹿營造-統創翼 114.11.18.pdf
統創翼 114.11.19,2026-01-13,2026-01-13,1,1,0,0,,,P-1283 中鹿營造-統創翼 114.11.19.pdf
臺北市北投區新洲美段112地號集合住宅及店鋪新建工程(AH2) NO.162,2026-01-13,2026-01-13,1,9,0,0,,,東源營造工程-臺北市北投區新洲美段112地號集合住宅及店鋪新建工程(AH2) 1141208NO.1
臺北市北投區新洲美段112地號集合住宅及店鋪新建工程(AH2) NO.160,2026-01-13,2026-01-13,1,9,0,0,,,東源營造工程-臺北市北投區新洲美段112地號集合住宅及店鋪新建工程(AH2) 1141201NO.1
臺北市北投區新洲美段112地號集合住宅及店鋪新建工程(AH2) NO.159,2026-01-13,2026-01-13,1,8,0,0,,,東源營造工程-臺北市北投區新洲美段112地號集合住宅及店鋪新建工程(AH2) 1141128NO.1
臺北市北投區新洲美段112地號集合住宅及店鋪新建工程(AH2) NO.155,2026-01-13,2026-01-13,1,9,0,0,,,東源營造工程-臺北市北投區新洲美段112地號集合住宅及店鋪新建工程(AH2) 1141114NO.1
臺北市北投區新洲美段112地號集合住宅及店鋪新建工程(AH2) NO.158,2026-01-13,2026-01-13,1,9,0,0,,,東源營造工程-臺北市北投區新洲美段112地號集合住宅及店鋪新建工程(AH2) 1141124NO.1
臺北市北投區新洲美段112地號集合住宅及店鋪新建工程(AH2) NO.157,2026-01-13,2026-01-13,1,9,0,0,,,東源營造工程-臺北市北投區新洲美段112地號集合住宅及店鋪新建工程(AH2) 1141121NO.1
臺北市北投區新洲美段112地號集合住宅及店鋪新建工程(AH2) NO.156,2026-01-13,2026-01-13,1,8,0,0,,,東源營造工程-臺北市北投區新洲美段112地號集合住宅及店鋪新建工程(AH2) 1141117NO.1
臺北市北投區新洲美段112地號集合住宅及店鋪新建工程(AH2) NO.154,2026-01-13,2026-01-13,1,8,0,0,,,東源營造工程-臺北市北投區新洲美段112地號集合住宅及店鋪新建工程(AH2) 1141110NO.1
臺北市北投區新洲美段112地號集合住宅及店鋪新建工程(AH2) NO.153,2026-01-13,2026-01-13,1,7,0,0,,,東源營造工程-臺北市北投區新洲美段112地號集合住宅及店鋪新建工程(AH2) 1141107NO.1
臺北市北投區新洲美段112地號集合住宅及店鋪新建工程(AH2) NO.152,2026-01-13,2026-01-13,1,8,0,0,,,東源營造工程-臺北市北投區新洲美段112地號集合住宅及店鋪新建工程(AH2) 1141103NO.1
臺北市北投區新洲美段112地號集合住宅及店鋪新建工程(AH2) NO.151,2026-01-13,2026-01-13,1,8,0,0,,,東源營造工程-臺北市北投區新洲美段112地號集合住宅及店鋪新建工程(AH2) 1141030NO.1
臺北市北投區新洲美段112地號集合住宅及店鋪新建工程(AH2) NO.150,2026-01-13,2026-01-13,1,8,0,0,,,東源營造工程-臺北市北投區新洲美段112地號集合住宅及店鋪新建工程(AH2) 1141027NO.1
臺北市北投區新洲美段112地號集合住宅及店鋪新建工程(AH2) NO.149,2026-01-13,2026-01-13,1,9,0,0,,,東源營造工程-臺北市北投區新洲美段112地號集合住宅及店鋪新建工程(AH2) 1141023NO.1
臺北市北投區新洲美段112地號集合住宅及店鋪新建工程(AH2) NO.148,2026-01-13,2026-01-13,1,9,0,0,,,東源營造工程-臺北市北投區新洲美段112地號集合住宅及店鋪新建工程(AH2) 1141020NO.1
臺北市北投區新洲美段112地號集合住宅及店鋪新建工程(AH2) NO.147,2026-01-13,2026-01-13,1,7,0,0,,,東源營造工程-臺北市北投區新洲美段112地號集合住宅及店鋪新建工程(AH2) 1141016NO.1
臺北市北投區新洲美段112地號集合住宅及店鋪新建工程(AH2) NO.146,2026-01-13,2026-01-13,1,7,0,0,,,東源營造工程-臺北市北投區新洲美段112地號集合住宅及店鋪新建工程(AH2) 1141014NO.1
臺北市北投區新洲美段112地號集合住宅及店鋪新建工程(AH2) NO.145,2026-01-13,2026-01-13,1,8,0,0,,,東源營造工程-臺北市北投區新洲美段112地號集合住宅及店鋪新建工程(AH2) 1141007NO.1
臺北市北投區新洲美段112地號集合住宅及店鋪新建工程(AH2) NO.144,2026-01-13,2026-01-13,1,8,0,0,,,東源營造工程-臺北市北投區新洲美段112地號集合住宅及店鋪新建工程(AH2) 1141003NO.1
(基地),2026-01-13,2026-01-13,2,1,1,0,,,1141103(基地).pdf; 1141027(基地).pdf
114.11.26-文山區木柵段新建工程-011,2026-01-13,2026-01-13,1,0,2,0,,,114.11.26-文山區木柵段新建工程-011.pdf
114.11.19-文山區木柵段新建工程-009,2026-01-13,2026-01-13,1,0,3,0,,,114.11.19-文山區木柵段新建工程-009.pdf
114.10.29文山區木柵段新建工程,2026-01-13,2026-01-13,1,0,2,0,,,114.10.29文山區木柵段新建工程.pdf
114.11.05文山區木柵段新建工程,2026-01-13,2026-01-13,1,0,2,0,,,114.11.05文山區木柵段新建工程.pdf
114.10.15文山區木柵段新建工程,2026-01-13,2026-01-13,1,0,2,0,,,114.10.15文山區木柵段新建工程.pdf
114.09.23文山區木柵段新建工程,2026-01-13,2026-01-13,1,0,2,0,,,114.09.23文山區木柵段新建工程.pdf
114.09.16文山區木柵段新建工程,2026-01-13,2026-01-13,1,0,2,0,,,114.09.16文山區木柵段新建工程.pdf
114.07.31文山區木柵段新建工程_初始值,2026-01-13,2026-01-13,1,0,2,0,,,114.07.31文山區木柵段新建工程_初始值.pdf
觀測數據資料,2026-01-13,2026-01-13,1,1,0,0,,,觀測數據資料-1130403.pdf
111建字第0112號工地,2026-01-13,2026-01-13,1,0,1,0,,,111建字第0112號工地監測報告113年9月30日.pdf
A69()NO.69-簽證版,2026-01-13,2026-01-13,1,1,0,0,,,A69(1141215)NO.69-簽證版.pdf
鄰房現況鑑定,2026-01-13,2026-01-13,1,1,1,0,,,鄰房現況鑑定報告書(錦西街41號1F).pdf
新建工程監測案,2026-01-13,2026-01-13,1,0,2,0,,,新建工程監測案1141016.pdf
P1290-大家營造-台北市信義區辛亥段新建工程監測日,2026-01-13,2026-01-13,18,18,3,0,,,P1290-大家營造-台北市信義區辛亥段新建工程監測日報表114.10.6.pdf; P1290-大家營造-台北市信義區辛亥段新建工程監測日報表114.10.24.pdf
懷德街47號,2026-01-13,2026-01-13,1,1,0,0,,,懷德街47號監測報告-1140711.pdf
新總陽建設北投區大業段四小段574地號商辦大樓新建工程  NO.199,2026-01-13,2026-01-13,1,2,0,0,,,永森營造-新總陽建設北投區大業段四小段574地號商辦大樓新建工程 1141201 NO.199.pd
新總陽建設北投區大業段四小段574地號商辦大樓新建工程  NO.198,2026-01-13,2026-01-13,1,1,0,1,,,永森營造-新總陽建設北投區大業段四小段574地號商辦大樓新建工程 1141127 NO.198.pd
新總陽建設北投區大業段四小段574地號商辦大樓新建工程  NO.197,2026-01-13,2026-01-13,1,2,0,0,,,永森營造-新總陽建設北投區大業段四小段574地號商辦大樓新建工程 1141124 NO.197.pd
新總陽建設北投區大業段四小段574地號商辦大樓新建工程  NO.196,2026-01-13,2026-01-13,1,3,0,0,,,永森營造-新總陽建設北投區大業段四小段574地號商辦大樓新建工程 1141120 NO.196.pd
新總陽建設北投區大業段四小段574地號商辦大樓新建工程  NO.195,2026-01-13,2026-01-13,1,3,0,1,,,永森營造-新總陽建設北投區大業段四小段574地號商辦大樓新建工程 1141117 NO.195.pd
新總陽建設北投區大業段四小段574地號商辦大樓新建工程  NO.194,2026-01-13,2026-01-13,1,2,0,0,,,永森營造-新總陽建設北投區大業段四小段574地號商辦大樓新建工程 1141113 NO.194.pd
新總陽建設北投區大業段四小段574地號商辦大樓新建工程  NO.192,2026-01-13,2026-01-13,1,1,0,0,,,永森營造-新總陽建設北投區大業段四小段574地號商辦大樓新建工程 1141106 NO.192.pd
新總陽建設北投區大業段四小段574地號商辦大樓新建工程  NO.191,2026-01-13,2026-01-13,1,2,0,0,,,永森營造-新總陽建設北投區大業段四小段574地號商辦大樓新建工程 1141103 NO.191.pd
新總陽建設北投區大業段四小段574地號商辦大樓新建工程  NO.190,2026-01-13,2026-01-13,1,1,0,0,,,永森營造-新總陽建設北投區大業段四小段574地號商辦大樓新建工程 1141030 NO.190.pd
新總陽建設北投區大業段四小段574地號商辦大樓新建工程  NO.189,2026-01-13,2026-01-13,1,1,0,0,,,永森營造-新總陽建設北投區大業段四小段574地號商辦大樓新建工程 1141027 NO.189.pd
新總陽建設北投區大業段四小段574地號商辦大樓新建工程  NO.188,2026-01-13,2026-01-13,1,2,0,0,,,永森營造-新總陽建設北投區大業段四小段574地號商辦大樓新建工程 1141023 NO.188.pd
新總陽建設北投區大業段四小段574地號商辦大樓新建工程  NO.187,2026-01-13,2026-01-13,1,4,0,0,,,永森營造-新總陽建設北投區大業段四小段574地號商辦大樓新建工程 1141020 NO.187.pd
新總陽建設北投區大業段四小段574地號商辦大樓新建工程  NO.186,2026-01-13,2026-01-13,1,1,0,1,,,永森營造-新總陽建設北投區大業段四小段574地號商辦大樓新建工程 1141016 NO.186.pd
第一果菜市場初值,2026-01-13,2026-01-13,1,1,0,0,,,第一果菜市場初值報告-1110906.pdf
連續壁階段NO.10,2026-01-13,2026-01-13,1,1,0,0,,,連續壁階段1141110NO.10.pdf
連續壁階段NO.11,2026-01-13,2026-01-13,1,3,0,0,,,連續壁階段1141117NO.11.pdf
圓山富璟,2026-01-13,2026-01-09,20,7,14,0,,,圓山富璟1141215觀測報告.pdf; 圓山富璟1141222觀測報告.pdf
(嘉鎷)114.10監測月報,2026-01-13,2026-01-13,1,2,3,0,,,(嘉鎷)114.10監測月報.pdf
(嘉鎷)114.09監測月報,2026-01-13,2026-01-13,1,2,4,0,,,(嘉鎷)114.09監測月報.pdf
(嘉鎷)114.08監測月報,2026-01-13,2026-01-13,1,2,4,0,,,(嘉鎷)114.08監測月報.pdf
(嘉鎷)114.07監測月報,2026-01-13,2026-01-13,1,2,3,0,,,(嘉鎷)114.07監測月報.pdf
(嘉鎷)114.06監測月報,2026-01-13,2026-01-13,1,2,3,0,,,(嘉鎷)114.06監測月報.pdf
(嘉鎷)114.05監測月報,2026-01-13,2026-01-13,1,3,5,0,,,(嘉鎷)114.05監測月報.pdf
(嘉鎷)114.04監測月報,2026-01-13,2026-01-13,1,2,5,0,,,(嘉鎷)114.04監測月報.pdf
(嘉鎷)114.03監測月報,2026-01-13,2026-01-13,1,1,5,0,,,(嘉鎷)114.03監測月報.pdf
(嘉鎷)114.02監測月報,2026-01-13,2026-01-13,1,1,7,0,,,(嘉鎷)114.02監測月報.pdf
(嘉鎷)114.01監測月報,2026-01-13,2026-01-13,1,2,7,0,,,(嘉鎷)114.01監測月報.pdf
北投區致遠一路二段112 巷集合住宅新建工程  51,2026-01-13,2026-01-13,1,1,0,0,,,允升營造-北投區致遠一路二段112 巷集合住宅新建工程 1141002 51.pdf
114.11.26 鼎真觀測數據,2026-01-13,2026-01-13,1,0,1,0,,,114.11.26 鼎真觀測數據.pdf
114.11.12 鼎真觀測數據,2026-01-13,2026-01-13,1,0,1,0,,,114.11.12 鼎真觀測數據.pdf
114.11.05 鼎真觀測數據,2026-01-13,2026-01-13,1,0,1,0,,,114.11.05 鼎真觀測數據.pdf
114.10.22~10.29 鼎真觀測數據,2026-01-13,2026-01-13,1,0,1,0,,,114.10.22~10.29 鼎真觀測數據.pdf
114.10.08~10.15 鼎真觀測數據,2026-01-13,2026-01-13,1,0,1,0,,,114.10.08~10.15 鼎真觀測數據.pdf
114.12.08,2026-01-13,2026-01-13,1,0,1,0,,,114.12.08 安全監測系統分析報告書.pdf
國土大將1119,2026-01-13,2026-01-13,1,0,2,0,,,國土大將1119觀測報告.pdf
璞承-中山築觀114.,2026-01-13,2026-01-13,1,1,0,0,,,璞承-中山築觀114.1002.pdf
兩廳院(古蹟)()NO.30,2026-01-13,2026-01-13,1,0,2,0,,,兩廳院(古蹟)(1141126)NO.30.pdf
兩廳院(基地)()NO.31,2026-01-13,2026-01-13,1,1,0,0,,,兩廳院(基地)(1141203)NO.31.pdf
兩廳院(基地)()NO.30,2026-01-13,2026-01-13,1,1,0,0,,,兩廳院(基地)(1141126)NO.30.pdf
專案區間,2026-01-13,2026-01-09,6,39,0,0,,,(基地)六福豐融商業大樓新建工程-專案區間報告書-2025-11-24 00_00-2025-11-; (基地)六福豐融商業大樓新建工程-專案區間報告書-2025-12-08 00_00-2025-12-
滙源中山段114.12.01觀測結果,2026-01-13,2026-01-13,1,1,0,0,,,滙源中山段114.12.01觀測結果.pdf
信義區永吉段152等4筆地號工地,2026-01-13,2026-01-13,2,6,2,0,,,信義區永吉段152等4筆地號工地監測報告_114年11月05日.pdf; 信義區永吉段152等4筆地號工地監測報告_114年12月03日.pdf
全球人壽新總部大樓0223,2026-01-13,2026-01-13,1,1,0,0,,,全球人壽新總部大樓0223觀測報告.pdf
0.11412-11,2026-01-13,2026-01-13,1,1,1,0,,,0.11412-11.pdf
0.11412-18,2026-01-13,2026-01-13,1,2,0,0,,,0.11412-18.pdf
同助-蓮園心邑日,2026-01-13,2026-01-13,4,13,0,0,,,1121207同助-蓮園心邑日報告.pdf; 1130109同助-蓮園心邑日報告.pdf
專案日,2026-01-13,2026-01-13,1,0,2,0,,,內湖區石潭段四小段新建工程-專案日報告書-2025-12-22 00_00.pdf
112建字第0105號工地,2026-01-13,2026-01-13,1,1,0,0,,,112建字第0105號工地監測報告_114年09月10日.pdf
蓮園心邑,2026-01-13,2026-01-13,1,3,0,0,,,蓮園心邑-安全監測報告112.10.19.pdf
台北市內湖區康寧段集合住宅新建工程,2026-01-13,2026-01-13,2,0,3,0,,,地球營造-台北市內湖區康寧段集合住宅新建工程 1130524.pdf; 地球營造-台北市內湖區康寧段集合住宅新建工程 1130514.pdf
0.11501-02,2026-01-12,2026-01-12,1,0,1,0,,,0.11501-02.pdf
富德納骨塔設施新建工程 (1),2026-01-12,2026-01-12,1,2,0,0,,,富德納骨塔設施新建工程20250923 (1).pdf
富德納骨塔設施新建工程監測月報,2026-01-12,2026-01-09,2,3,1,0,,,202512富德納骨塔設施新建工程監測月報.pdf; 202508富德納骨塔設施新建工程監測月報.pdf
恆合-錦西街    日,2026-01-12,2026-01-09,4,12,0,0,,,恆合-錦西街    日報表 114.12.08.pdf; 恆合-錦西街    日報表 114.12.11.pdf
112建字第0177號11月14日,2026-01-12,2026-01-12,1,2,3,0,,,112建字第0177號11月14日監測報告.pdf
112建字第0177號10月14日,2026-01-12,2026-01-12,1,1,3,0,,,112建字第0177號10月14日監測報告.pdf
112建字第0177號09月12日,2026-01-12,2026-01-12,1,2,3,0,,,112建字第0177號09月12日監測報告.pdf
112建字第0177號08月12日,2026-01-12,2026-01-12,1,1,3,1,,,112建字第0177號08月12日監測報告.pdf
112建字第0177號07月12日,2026-01-12,2026-01-12,1,1,2,2,,,112建字第0177號07月12日監測報告.pdf
112建字第0177號06月21日,2026-01-12,2026-01-12,1,2,2,0,,,112建字第0177號06月21日監測報告.pdf
112建字第0177號05月21日,2026-01-12,2026-01-12,1,3,6,0,,,112建字第0177號05月21日監測報告.pdf
112建字第0177號03月24日,2026-01-12,2026-01-12,1,3,2,0,,,112建字第0177號03月24日監測報告.pdf
112建字第0177號01月01日,2026-01-12,2026-01-12,1,1,3,0,,,112建字第0177號01月01日監測報告.pdf
112建字第0177號12月11日,2026-01-12,2026-01-12,1,1,3,0,,,112建字第0177號12月11日監測報告.pdf
113.08.19第十次,2026-01-12,2026-01-12,1,1,0,0,,,113.08.19第十次觀測報告.pdf
114.9.29第五十八次,2026-01-12,2026-01-12,1,3,0,0,,,114.9.29第五十八次觀測報告.pdf
114.10.30第五十九次,2026-01-12,2026-01-12,1,1,0,0,,,114.10.30第五十九次觀測報告.pdf
開誠和境內湖康寧段,2026-01-12,2026-01-12,18,26,83,0,,,開誠和境內湖康寧段1120201觀測報告.pdf; 開誠和境內湖康寧段1111222觀測報告.pdf
水井初值,2026-01-12,2026-01-12,1,1,0,0,,,1131217-水井初值.pdf
全樂-士林永平段日,2026-01-12,2026-01-12,1,3,3,0,,,1120829全樂-士林永平段日報告.pdf
115.01.01日,2026-01-12,2026-01-12,1,2,0,0,,,115.01.01日報表(璞真宇見) .pdf
114.12.22日,2026-01-12,2026-01-12,1,1,0,0,,,114.12.22日報表(璞真宇見) .pdf
長見中山北路,2026-01-12,2026-01-12,1,1,0,0,,,長見中山北路1141224.pdf
長春段-捷運暨基地監測39,2026-01-12,2026-01-09,2,2,2,0,,,長春段-捷運暨基地監測39週報告 (1141214-1220)更正.pdf; 長春段-捷運暨基地監測39週報告 (1141214-1220).pdf
兩廳院(古蹟)()NO.34,2026-01-12,2026-01-12,1,0,1,0,,,兩廳院(古蹟)(1141223)NO.34.pdf
兩廳院(古蹟)()NO.33,2026-01-12,2026-01-12,1,1,1,0,,,兩廳院(古蹟)(1141217)NO.33.pdf
兩廳院(古蹟)()NO.32,2026-01-12,2026-01-12,1,0,1,0,,,兩廳院(古蹟)(1141210)NO.32.pdf
兩廳院(古蹟)()NO.19-修正版1,2026-01-12,2026-01-12,1,0,2,0,,,兩廳院(古蹟)(1140910)NO.19-修正版1.pdf
兩廳院(古蹟)()NO.18-修正版1,2026-01-12,2026-01-12,1,1,3,0,,,兩廳院(古蹟)(1140903)NO.18-修正版1.pdf
兩廳院(基地)()NO.34,2026-01-12,2026-01-12,1,3,0,0,,,兩廳院(基地)(1141223)NO.34.pdf
兩廳院(基地)()NO.33,2026-01-12,2026-01-12,1,2,0,0,,,兩廳院(基地)(1141217)NO.33.pdf
兩廳院(基地)()NO.32,2026-01-12,2026-01-12,1,2,0,0,,,兩廳院(基地)(1141210)NO.32.pdf
建義建設懷生段新建工程,2026-01-09,2026-01-09,1,0,1,0,,,1141203建義建設懷生段新建工程.pdf
114.12.11第六十一次,2026-01-09,2026-01-09,1,3,0,0,,,114.12.11第六十一次觀測報告.pdf
信義雙星二期1225,2026-01-09,2026-01-09,1,2,0,0,,,信義雙星二期1225觀測報告.pdf
信義雙星二期1222,2026-01-09,2026-01-09,1,2,0,0,,,信義雙星二期1222觀測報告.pdf
大龍段()NO.61,2026-01-09,2026-01-09,1,1,0,0,,,大龍段(1141223)NO.61.pdf
長春段-捷運暨基地監測40,2026-01-09,2026-01-09,1,1,0,0,,,長春段-捷運暨基地監測40週報告 (1141221-1227).pdf
信義雙星二期1229,2026-01-09,2026-01-09,1,5,0,0,,,信義雙星二期1229觀測報告.pdf
至善路,2026-01-09,2026-01-09,1,0,2,0,,,至善路1141225.pdf
文昌217店鋪()NO.199,2026-01-09,2026-01-09,1,1,0,0,,,文昌217店鋪(1141226)NO.199.pdf
文昌217店鋪()NO.197,2026-01-09,2026-01-09,1,2,0,0,,,文昌217店鋪(1141219)NO.197.pdf
文昌217店鋪()NO.198,2026-01-09,2026-01-09,1,1,0,0,,,文昌217店鋪(1141223)NO.198.pdf
國土大將1217,2026-01-09,2026-01-09,1,0,2,0,,,國土大將1217觀測報告.pdf
國土大將1210,2026-01-09,2026-01-09,1,0,2,0,,,國土大將1210觀測報告.pdf
國土大將0812,2026-01-09,2026-01-09,1,0,1,0,,,國土大將0812觀測報告.pdf
國土大將0729,2026-01-09,2026-01-09,1,0,1,0,,,國土大將0729觀測報告.pdf
國土大將0722,2026-01-09,2026-01-09,1,0,1,0,,,國土大將0722觀測報告.pdf
國土大將0708,2026-01-09,2026-01-09,1,0,0,1,,,國土大將0708觀測報告.pdf
國土大將0711,2026-01-09,2026-01-09,1,0,1,0,,,國土大將0711觀測報告.pdf
國土大將0701,2026-01-09,2026-01-09,1,0,1,0,,,國土大將0701觀測報告.pdf
國土大將0627,2026-01-09,2026-01-09,1,0,1,0,,,國土大將0627觀測報告.pdf
國土大將0617,2026-01-09,2026-01-09,1,1,0,0,,,國土大將0617觀測報告.pdf
國土大將0613,2026-01-09,2026-01-09,1,0,1,0,,,國土大將0613觀測報告.pdf
國土大將0606,2026-01-09,2026-01-09,1,0,1,0,,,國土大將0606觀測報告.pdf
國土大將0527,2026-01-09,2026-01-09,1,0,1,0,,,國土大將0527觀測報告.pdf
國土大將0516,2026-01-09,2026-01-09,1,0,1,0,,,國土大將0516觀測報告.pdf
信義雙星二期0102,2026-01-09,2026-01-09,1,5,0,0,,,信義雙星二期0102觀測報告.pdf
士林區蘭雅段新建案工地,2026-01-09,2026-01-09,1,2,0,0,,,士林區蘭雅段新建案工地監測報告_114年12月29日.pdf
